{
  "uid" : "83edc06c07f9ae9e47eb6dd1b683e4e2",
  "name" : "packages",
  "children" : [ {
    "name" : "ru.ozon.ThirdTest",
    "children" : [ {
      "name" : "Test3",
      "uid" : "54ee2738a0fe2c8a",
      "parentUid" : "45b1d0cf69505f27f8e52c514bb0d973",
      "status" : "passed",
      "time" : {
        "start" : 1591688774213,
        "stop" : 1591688854611,
        "duration" : 80398
      },
      "flaky" : false,
      "parameters" : [ ]
    } ],
    "uid" : "ru.ozon.ThirdTest"
  } ]
}