{
  "uid" : "98d3104e051c652961429bf95fa0b5d6",
  "name" : "suites",
  "children" : [ {
    "name" : "ru.ozon.ThirdTest",
    "children" : [ {
      "name" : "Test3",
      "uid" : "54ee2738a0fe2c8a",
      "parentUid" : "2df3bcb75ca8a0809b35daaa416bf5ac",
      "status" : "passed",
      "time" : {
        "start" : 1591688774213,
        "stop" : 1591688854611,
        "duration" : 80398
      },
      "flaky" : false,
      "parameters" : [ ]
    } ],
    "uid" : "2df3bcb75ca8a0809b35daaa416bf5ac"
  } ]
}