{
  "uid" : "ab17fc5a4eb3bca4b216b548c7f9fcbc",
  "name" : "timeline",
  "children" : [ {
    "name" : "MasterPC",
    "children" : [ {
      "name" : "9800@MasterPC.main(1)",
      "children" : [ {
        "name" : "Test3",
        "uid" : "54ee2738a0fe2c8a",
        "parentUid" : "11b22db5573f5a7fadf14ea6508d2a28",
        "status" : "passed",
        "time" : {
          "start" : 1591688774213,
          "stop" : 1591688854611,
          "duration" : 80398
        },
        "flaky" : false,
        "parameters" : [ ]
      } ],
      "uid" : "11b22db5573f5a7fadf14ea6508d2a28"
    } ],
    "uid" : "0cde4633edfbf427819cbd5515a9e3f0"
  } ]
}