{
  "uid" : "83edc06c07f9ae9e47eb6dd1b683e4e2",
  "name" : "packages",
  "children" : [ {
    "name" : "ru.ozon.FourthTest",
    "children" : [ {
      "name" : "Test4",
      "uid" : "c60cad7ad4a8a244",
      "parentUid" : "d457d7ecf0a693ff3d11bb8ec54fd0cd",
      "status" : "passed",
      "time" : {
        "start" : 1591691536613,
        "stop" : 1591691625257,
        "duration" : 88644
      },
      "flaky" : false,
      "parameters" : [ ]
    } ],
    "uid" : "ru.ozon.FourthTest"
  } ]
}