{
  "uid" : "98d3104e051c652961429bf95fa0b5d6",
  "name" : "suites",
  "children" : [ {
    "name" : "ru.ozon.FourthTest",
    "children" : [ {
      "name" : "Test4",
      "uid" : "c60cad7ad4a8a244",
      "parentUid" : "56aa96c0d29c18cd9ba279f4fdcab080",
      "status" : "passed",
      "time" : {
        "start" : 1591691536613,
        "stop" : 1591691625257,
        "duration" : 88644
      },
      "flaky" : false,
      "parameters" : [ ]
    } ],
    "uid" : "56aa96c0d29c18cd9ba279f4fdcab080"
  } ]
}