{
  "uid" : "ab17fc5a4eb3bca4b216b548c7f9fcbc",
  "name" : "timeline",
  "children" : [ {
    "name" : "MasterPC",
    "children" : [ {
      "name" : "4452@MasterPC.main(1)",
      "children" : [ {
        "name" : "Test4",
        "uid" : "c60cad7ad4a8a244",
        "parentUid" : "74c6fb693d70c4a6cdd92c6ba35fb26a",
        "status" : "passed",
        "time" : {
          "start" : 1591691536613,
          "stop" : 1591691625257,
          "duration" : 88644
        },
        "flaky" : false,
        "parameters" : [ ]
      } ],
      "uid" : "74c6fb693d70c4a6cdd92c6ba35fb26a"
    } ],
    "uid" : "0cde4633edfbf427819cbd5515a9e3f0"
  } ]
}