{
  "uid" : "83edc06c07f9ae9e47eb6dd1b683e4e2",
  "name" : "packages",
  "children" : [ {
    "name" : "ru.ozon.SecondTest",
    "children" : [ {
      "name" : "Test2",
      "uid" : "927b4564224a80cc",
      "parentUid" : "502d3e63a3ee611555b6ee49ca3b23df",
      "status" : "passed",
      "time" : {
        "start" : 1591615853205,
        "stop" : 1591615981450,
        "duration" : 128245
      },
      "flaky" : false,
      "parameters" : [ ]
    } ],
    "uid" : "ru.ozon.SecondTest"
  } ]
}