{
  "uid" : "98d3104e051c652961429bf95fa0b5d6",
  "name" : "suites",
  "children" : [ {
    "name" : "ru.ozon.SecondTest",
    "children" : [ {
      "name" : "Test2",
      "uid" : "927b4564224a80cc",
      "parentUid" : "e7a09de55ce185323899a3522d35ae8e",
      "status" : "passed",
      "time" : {
        "start" : 1591615853205,
        "stop" : 1591615981450,
        "duration" : 128245
      },
      "flaky" : false,
      "parameters" : [ ]
    } ],
    "uid" : "e7a09de55ce185323899a3522d35ae8e"
  } ]
}