{
  "uid" : "ab17fc5a4eb3bca4b216b548c7f9fcbc",
  "name" : "timeline",
  "children" : [ {
    "name" : "MasterPC",
    "children" : [ {
      "name" : "4916@MasterPC.main(1)",
      "children" : [ {
        "name" : "Test2",
        "uid" : "927b4564224a80cc",
        "parentUid" : "41862220c43465dd12fa5e776274fd8f",
        "status" : "passed",
        "time" : {
          "start" : 1591615853205,
          "stop" : 1591615981450,
          "duration" : 128245
        },
        "flaky" : false,
        "parameters" : [ ]
      } ],
      "uid" : "41862220c43465dd12fa5e776274fd8f"
    } ],
    "uid" : "0cde4633edfbf427819cbd5515a9e3f0"
  } ]
}