{
  "uid" : "83edc06c07f9ae9e47eb6dd1b683e4e2",
  "name" : "packages",
  "children" : [ {
    "name" : "ru.ozon.FirstTest",
    "children" : [ {
      "name" : "Test1",
      "uid" : "f364a610de0818f6",
      "parentUid" : "7faf366c58c96597bb91f913e2603f4a",
      "status" : "passed",
      "time" : {
        "start" : 1591619173404,
        "stop" : 1591619244716,
        "duration" : 71312
      },
      "flaky" : false,
      "parameters" : [ ]
    } ],
    "uid" : "ru.ozon.FirstTest"
  } ]
}