{
  "uid" : "98d3104e051c652961429bf95fa0b5d6",
  "name" : "suites",
  "children" : [ {
    "name" : "ru.ozon.FirstTest",
    "children" : [ {
      "name" : "Test1",
      "uid" : "f364a610de0818f6",
      "parentUid" : "94385ef1e12212efb0e0a84f1e5fef6f",
      "status" : "passed",
      "time" : {
        "start" : 1591619173404,
        "stop" : 1591619244716,
        "duration" : 71312
      },
      "flaky" : false,
      "parameters" : [ ]
    } ],
    "uid" : "94385ef1e12212efb0e0a84f1e5fef6f"
  } ]
}