{
  "uid" : "ab17fc5a4eb3bca4b216b548c7f9fcbc",
  "name" : "timeline",
  "children" : [ {
    "name" : "MasterPC",
    "children" : [ {
      "name" : "10088@MasterPC.main(1)",
      "children" : [ {
        "name" : "Test1",
        "uid" : "f364a610de0818f6",
        "parentUid" : "5137c2d8d8b7c3706ca3ed487e4e1955",
        "status" : "passed",
        "time" : {
          "start" : 1591619173404,
          "stop" : 1591619244716,
          "duration" : 71312
        },
        "flaky" : false,
        "parameters" : [ ]
      } ],
      "uid" : "5137c2d8d8b7c3706ca3ed487e4e1955"
    } ],
    "uid" : "0cde4633edfbf427819cbd5515a9e3f0"
  } ]
}